kKn824135109,乐山,好看绝,4.5,2021-04-17 22:02:20,2021-04-17 22:02,0,0,
OAU885632099,秦皇岛,挺好的 推荐,5.0,2021-04-17 21:59:31,2021-04-17 21:59,0,0,
生欢2001,重庆,挺好看的,4.0,2021-04-17 21:56:58,2021-04-17 21:56,0,0,
魏家祖宗,宁波,感人，回忆小时候的回忆,5.0,2021-04-17 21:56:07,2021-04-17 21:56,0,0,
王小好1988,沈阳,电影依然还是那么感人,5.0,2021-04-17 21:53:59,2021-04-17 21:53,0,0,2.0
申恒屹93,贵阳,第二遍了，确实好看,5.0,2021-04-17 21:53:29,2021-04-17 21:53,0,0,
kdr618129408,合肥,非常的好看，推荐大家都去看,5.0,2021-04-17 21:51:27,2021-04-17 21:51,0,0,
bZL456581560,贵阳,好看，大家去看,5.0,2021-04-17 21:48:51,2021-04-17 21:48,0,0,
小小小树苗儿,上海,一般吧，？。。,4.0,2021-04-17 21:47:43,2021-04-17 21:47,0,0,
zMR275862136,广州,好看，特别是最后的结局没有想到,4.0,2021-04-17 21:46:17,2021-04-17 21:46,0,0,
Wqb104645652,腾冲,感人肺腑，讲的好演得好,5.0,2021-04-17 21:46:06,2021-04-17 21:46,0,0,
胖子不是充的,重庆,挺感人的，但是大家可能实际说的太夸张了😅,4.5,2021-04-17 21:45:24,2021-04-17 21:45,0,0,
fWW789033919,天津,陪孩子看很好看,5.0,2021-04-17 21:45:06,2021-04-17 21:45,0,0,
宝宝语g,烟台,好看。。。。,5.0,2021-04-17 21:44:24,2021-04-17 21:44,0,0,
MDl305844320,北京,还行吧，孩子挺爱看,4.5,2021-04-17 21:43:43,2021-04-17 21:43,0,0,
